start	end	text
0	24280	Thank you so much for taking the time to meet today.
24280	25280	I'm so excited.
25440	26800	Yeah, where are you located on it?
26800	28000	Where are you sitting?
28000	31440	Right now, right now, I'm actually in Copenhagen.
31440	33760	So I'm a little bit older than normal.
33760	34560	Yes.
34560	36640	Oh, my, see, I'm up here on the beach.
36640	38240	It's your mind.
38240	39360	Actually, I'm not.
39360	40320	I love it.
40320	41040	I love it.
41040	43440	I like to be on the beach right now, but I'm here in my office.
43440	44400	Unfortunately.
44400	45440	Ah, okay.
45440	47520	If you're old to be on it, join us at your moments.
47520	48400	Okay, perfect.
48400	49120	That sounds good.
49120	53120	Now, I love the way you're, you're did the website.
53120	56560	I like the concept, the, it was bright.
56560	57840	It was precise.
57840	60640	And you did a good job not knowing any of the point we're doing.
60640	62080	Just for looking on the website.
62080	63920	I mean, did a awesome job.
64720	65280	Thank you.
65280	66240	I appreciate that.
66240	68000	Um, I've had, I had a lot of fun with it.
68000	71280	It was, it was a great, it was a great opportunity for me to do something
71280	72000	a little bit new.
72000	73680	So thank you for giving me that opportunity.
73680	74880	What are you doing in Copenhagen?
75920	79120	Um, so actually, I've been a kitesurfing in Spain.
79120	82480	And then I just came up to Copenhagen for a couple of days just to check it out.
83360	85840	Oh, so were you in Spain or nearly all the time, huh?
85840	86840	Yes.
86840	87840	Yeah.
87840	88840	What are you doing in Spain?
88840	89840	I was kitesurfing.
89840	90840	Hi, surfing.
90840	91840	Yes.
91840	92840	How about that?
92840	93840	Now, where do you live?
93840	95680	I am from Colorado.
95680	97480	Oh, so what are having fun then?
97480	98480	I am.
98480	99480	Yes.
99480	101640	I just had to, I just graduated from, um, being University of Michigan.
101640	103120	So I'm taking my little break.
103120	104120	Oh, yeah.
104120	106120	With Macy and all the girls there.
106120	107120	Exactly.
107120	108120	Yeah.
108120	109120	That's what family, yeah.
109120	110120	Oh, yes.
110120	111120	That's awesome.
111120	112960	What was your major there?
112960	114800	I'm down to analytics.
114800	116120	So I was coding.
116120	117120	Wow.
117120	120320	But you did kitesurfing in Spain, huh?
120320	121320	Yes.
121320	122320	I did.
122320	124960	It was, it was a great, it was a great opportunity.
124960	125960	I bet it was.
125960	126960	It was fun to do too.
126960	127960	I did.
127960	128960	Yes.
128960	129960	Yes.
129960	130960	Yeah.
130960	131960	It was awesome.
131960	132960	Hi Julie, how are you?
132960	133960	I'm great.
133960	134960	How are you?
134960	135960	I'm great.
135960	136960	Thank you.
136960	137960	Are you back from Spain?
137960	138960	Are you still there?
138960	139960	I'm in Copenhagen now.
139960	141960	We're just kind of jumping around for a little bit.
141960	142960	Wow.
142960	143960	Well, thank you for making time for us.
143960	144960	I so appreciate it.
144960	148960	I know this is probably not at the top of your priority, but we really appreciate all that
148960	149960	you've done.
149960	150960	It's at the top of my priority.
150960	153960	I'm so excited to be meeting with you all.
153960	154960	Good.
154960	155960	Okay.
155960	156960	Well, we love your website.
156960	160960	We've got, um, I've got Donna and Jennifer here.
160960	162960	I will show you them.
162960	163960	Hang on.
163960	164960	I know.
164960	168960	I don't know why that is that it didn't go through for the Zoom invite, but they are.
168960	169960	Yeah.
169960	170960	Bye bye.
170960	171960	Hello.
171960	176960	Um, do you want me to try to put her on here so you'll can see her?
176960	177960	Sure.
177960	178960	Okay.
178960	179960	But then I can't pull up.
179960	180960	Okay.
180960	181960	Okay.
181960	189960	So there were a few things that we had talked about that Dr. Festy had, um, I think wanted, um,
189960	194960	well, Dr. Festy, do you want to walk through what you were, uh, talking about?
194960	200960	And then at, you know, I had kind of gone over and sort of, you used what you said and tried to rework them a little bit.
200960	201960	Yeah.
201960	204960	Well, I'm trying to miss you where I find it, where I had it all listed.
204960	205960	Let's see here.
205960	206960	Hang on.
206960	209960	And if it's okay, I'm recording this meeting just if that's, if that's all right.
209960	210960	Okay.
210960	211960	Sure.
211960	212960	Sure.
212960	213960	Thank you.
213960	214960	Good.
214960	215960	Well, let me find what I have here.
215960	216960	Go back.
216960	217960	One thing.
217960	218960	Yeah.
218960	226960	Um, in the first part, um, I tried to print on this up so I could have the website up at the same time.
226960	227960	But I can't.
227960	232960	I mean, let me, actually, let me just try to do that real quick.
232960	240960	Let's take the new up.
240960	243960	Yeah, you can sit over here.
243960	244960	Okay.
244960	245960	All right.
245960	249960	So, you know, on the first page, you're journey to optimal vitality.
249960	252960	I mean, I guess, are you kind of, well, first let's talk.
252960	254960	Do you want to like kind of go through this with us hourly?
254960	258960	I know we kind of pay to the initial, but if you want to help us just make some changes.
258960	261960	We'd like to make it like over the next week if that's possible.
261960	262960	The 100%.
262960	263960	Yes.
263960	264960	That sounds great.
264960	265960	Okay.
265960	267960	And then one of our patients was talking about EOS.
267960	268960	Do you know anything about that?
268960	271960	Like the, it's like, you know, it's like privacy.
271960	277960	And I, you know, I, I guess we just need to make sure that.
277960	280960	From a privacy standpoint.
280960	281960	Yeah.
281960	282960	Let's hit the compliant.
282960	288960	But if you connect it, you know, I guess that's just something to consider and look into if we connect to the.
288960	289960	So.
289960	291960	I got a couple questions about that as well.
291960	296960	But we can talk about that later just with the patient portal and connecting everything like that.
296960	301960	I just want to make sure that I understand everything that you guys use before I connect.
301960	303960	Like the back end and everything like that.
303960	305960	But we can go over that after if you'd like.
305960	306960	Okay.
306960	307960	Yeah.
307960	308960	Sure.
308960	319960	So I, you know, you had put integrated regenerative and preventive medicine built on 50 years of clinical foundation and the long view of whole body health from the inside out.
319960	327960	I was, I had kind of looked at a couple of different things.
327960	331960	And you guys tell me what if you like these are not.
331960	333960	I do like that.
333960	335960	But these are a couple of different options.
335960	337960	True health begins beneath the surface.
337960	344960	We practice integrated regenerative and preventive medicine and drawing on half a century of clinical wisdom to help you heal, strengthen and thrive from the inside out.
344960	345960	I like that.
345960	350960	I mean, these are all applaud, but they are just kind of like, you know, putting in kind of a little more of what.
350960	361960	And the other option was you're more than a symptom or integrated regenerative and preventive approach draws on 50 years of clinical care to support your whole health body mind and long term vitality.
361960	365960	Do you, do you guys like any of those Dr. Festy or do you like that?
365960	367960	I like that.
367960	368960	Okay.
368960	371960	The first one of the second one.
371960	372960	I like the second one.
372960	373960	It's drawing my eye more.
373960	374960	Is it?
374960	375960	Yeah.
375960	376960	These two option.
376960	377960	Oh, okay.
377960	378960	I was thinking that we were more than a symptom.
378960	382960	I tried to print them out so you guys could all see that we're, and about we're so busy.
382960	384960	We just, it's like we're going to fit it in.
384960	386960	So I can't even imagine.
386960	387960	No, I can't imagine.
387960	389960	Don't, don't worry.
389960	393960	Anyway, those are a couple of things that we might change.
393960	394960	Yeah.
394960	396960	Do you like body and long term vitality?
396960	397960	I like that.
397960	398960	Yeah.
399960	400960	Okay.
400960	401960	It's like going more.
401960	402960	Okay.
402960	403960	So option B.
403960	404960	You are more than a symptom.
404960	405960	Are integrated.
405960	408960	Or do you like that as the catch line for the very first page though?
408960	409960	Kind of.
409960	410960	Yeah.
410960	412960	Or is that where are we talking?
412960	413960	Yeah.
413960	414960	Okay.
414960	415960	You've seen the website right now.
415960	416960	Yeah.
416960	417960	I know.
417960	418960	Yeah.
418960	419960	You can what?
419960	420960	I can share my screen.
420960	421960	So I think it's part.
421960	422960	Yeah.
422960	423960	Right there.
423960	424960	Perfect.
424960	425960	Yeah.
425960	426960	Okay.
426960	427960	Okay.
427960	428960	Let's do this.
428960	433960	So integrated regenerative and preventive medicine builds on 50 years of clinical foundation in the long view.
433960	434960	Okay.
434960	435960	That versus.
435960	438960	I thought I was sure about the whole body health.
438960	439960	Yeah.
439960	440960	You know,
440960	441960	I'm inside out.
441960	443960	I mean, that's okay.
443960	446960	But I'm going to think about whether we change.
446960	451960	I thought sure what we suggested to change, but maybe something to think about.
451960	452960	Okay.
452960	454960	I kind of like true health begins beneath the surface.
454960	455960	We practice integrated regenerative.
455960	456960	Yeah.
456960	457960	Yeah.
457960	458960	Yeah.
458960	459960	That's good.
459960	463960	Clinical wisdom to help you heal strengthen and thrive or help.
463960	465960	I don't know.
465960	466960	We can work on that.
466960	469960	But that's something that we're going to have to change in.
469960	470960	And about if you.
470960	473960	I need to understand how to make some changes.
473960	474960	You gave me access, but.
474960	475960	Yes.
475960	478960	And people to like fully edit it or how that.
478960	479960	Okay.
479960	481960	So I would just go in like you're going in.
481960	483960	And if we want to tweak it, I can go in and do that.
483960	484960	100%.
484960	485960	Yes.
485960	486960	Come on.
486960	487960	What are you doing?
487960	488960	Website on.
488960	489960	It's on.
489960	490960	It's called Webflow.
490960	491960	So yeah.
491960	497960	It's the easiest for you to be able to manage without having to deal with the code or anything like that.
497960	500960	And then Rob and I had a call last week as well.
500960	506960	And he mentioned you all being like wanting to do promotions or things like that on the website or like.
506960	508960	Just being able to edit a little bit more easily.
508960	511960	So you would also allow you to do that there as well.
511960	512960	And pretty easily.
512960	513960	And I can.
513960	515960	I can make like a zoom tutorial.
515960	520960	And so that you can watch it whenever you want to add a promotion or anything like that.
520960	521960	That'd be great.
521960	522960	Okay.
522960	523960	Okay.
523960	524960	All right.
524960	528960	Now on the services part.
528960	529960	And.
529960	537960	Dr. Festy you do have yours up on services.
538960	540960	Trying to find it here.
540960	541960	Trying to find it here.
541960	542960	Do the hang on.
542960	543960	I got so much going on in my laptop.
543960	544960	Again, you find everything.
544960	545960	I mean, hang on.
545960	547960	Let me see if I can find it.
547960	548960	Hang on.
548960	549960	Nope.
549960	550960	Nope.
550960	551960	That's not it.
551960	553960	Let's see here.
553960	555960	So on services.
555960	557960	Annabelle, what did you have?
557960	558960	Can you go to services?
558960	559960	Yep.
559960	562960	Interest.
562960	564960	Can you see my screen still?
564960	565960	Yeah.
565960	566960	Okay.
566960	569960	So I'm on services.
569960	570960	Which part?
570960	571960	Okay.
571960	578960	So we wanted five pillars because he wanted to add some of the DNA testing.
578960	579960	To that.
579960	580960	Yeah.
580960	586960	The thing about it is that there's a lot of things we do in peptide hormone weight loss and wellness.
586960	589960	There's a slew of testing we do for all sorts of problems.
589960	595960	I'm just wondering whether that might be an area that we'd add in as far as the fifth sections.
595960	596960	Considering.
596960	597960	Okay.
597960	599960	Section number five.
599960	600960	Yeah.
600960	601960	I think.
601960	602960	Okay.
602960	610960	So I think advanced diagnostics and early detection might be a fifth.
610960	611960	Fifth.
611960	612960	Fifth.
612960	613960	Fifth one.
613960	614960	Yes.
614960	615960	Yeah.
615960	617960	And you could put in a DNA testing.
617960	620960	Gallery multi a cancer early detection.
620960	621960	Glycane.
621960	622960	Next.
622960	623960	Next.
623960	624960	Yeah.
624960	625960	Next gen.
625960	626960	Of course, the gin testing.
626960	627960	Yeah.
627960	630960	And I'll go stand like an age.
630960	635960	I mean, all these things we do for different testing would be nice to have as a fifth pillar.
635960	636960	Okay.
636960	642960	So we'll and I'll send you a list of all of those so that you can easily add that.
642960	645960	So you'll kind of understand what they are and everything.
645960	646960	Great.
646960	647960	Yeah.
647960	648960	And then.
648960	652960	Let's see.
652960	654960	And the services intro.
654960	657960	Where's the services intro on the site.
657960	658960	Right here.
658960	660960	So this would be that paragraph.
660960	661960	Petite therapy.
661960	667960	Therapy hormone optimization, medical weight loss and wellness and rejuvenation prescribed against.
667960	668960	First.
668960	669960	Fifth one.
669960	670960	We just talked about.
670960	671960	Yes.
671960	672960	Fifth one.
672960	673960	Okay.
673960	681960	So then I would.
681960	683960	I think that one to this as well.
683960	688960	Do you want to change the wording or the intro as a whole?
688960	693960	I just didn't like and I knew it's like it is.
693960	701960	It's a good way to say it, but I'm not sure that all of our patients are going to understand like prescribed against your physiology.
701960	705960	And so I just thought maybe changing that wording a tiny bit and you know.
705960	710960	I mean, it's it makes a lot of sense, but it just kind of I don't know.
710960	711960	100%.
711960	712960	Yep.
712960	713960	For sure.
713960	720960	So five pillars changing that wording a tiny bit.
720960	722960	What about you guys?
722960	723960	Did you see it?
723960	725960	It shows the five pillars.
725960	727960	Well, she's going to add it here.
727960	728960	I just figured one over here.
728960	729960	Yeah.
729960	734960	Can you show can you scroll down for the four pillars?
735960	736960	I don't need it is.
736960	737960	I know.
737960	738960	Karma.
738960	741960	Like weight loss.
741960	744960	And then the fifth one would be down here right now.
744960	746960	What is going on this one?
746960	749960	Like being a advanced testing.
749960	750960	Do you like that?
750960	751960	I don't know.
751960	756960	So you're going to publish.
756960	757960	We don't have to do pillars.
757960	758960	You can.
758960	759960	This is all.
759960	760960	Did you not get the website?
760960	761960	I'd send it to you.
761960	763960	We were just to take notes for this.
763960	766960	So that just the notes that we that Dr. Festy had come up with.
766960	770960	And we kind of adding I kind of changed it a little bit.
770960	772960	What do you think?
772960	775960	I have to go through it all.
775960	777960	Okay.
777960	779960	So this is what it is.
779960	786960	This if you can look at here.
786960	788960	Also at the beginning in a bill.
788960	794960	It's a 60 minute consultation not 90.
794960	798960	Okay.
798960	799960	So this would be five.
799960	800960	This is how it looks.
800960	801960	Okay.
801960	802960	There's the four.
802960	803960	Yeah.
803960	805960	And then she would just add advanced testing here.
805960	808960	And then I also wanted to clarify the complimentary consultation.
808960	809960	Sorry.
809960	810960	What?
810960	813960	The complimentary consultation is something you still provide.
813960	814960	Yes.
814960	815960	Okay.
815960	816960	Great.
816960	817960	That just not 90 minutes.
817960	818960	Okay.
818960	819960	Okay.
819960	821960	I've practiced built on legacy a future built on you.
821960	822960	I love that.
822960	823960	That's so good.
823960	828960	I don't know how to operate the strong clinical foundations established by our founder, Dr. Joseph S.D.
828960	832960	While he is no longer seeing patients and is now an administrative and advisory role here.
832960	838960	I mean, it's a guiding source of research inside an educational leadership as we carry for his 50 years fix for peace.
838960	839960	I love that.
839960	841960	Do you like that Dr. Festy?
841960	842960	Yes, I do.
842960	843960	That's fine.
843960	844960	Sure.
844960	845960	Okay.
845960	846960	And I love this.
846960	849960	I want to read some more like a relationship than an appointment measurement date.
849960	850960	Yeah.
850960	852960	That's the right theory in my picture.
852960	862960	I had mentioned that there's a, there's a link we could do to my CV, which is 55 pages that people like to look at occasionally to see what's happened in the past.
862960	867960	So you just put a little link there says link to whatever the CV.
867960	868960	So like that.
868960	869960	Yeah.
869960	870960	Yeah.
870960	871960	Yeah.
871960	872960	Yeah.
872960	874960	So 56 years of all of this.
874960	879960	Well, there's one place in here that says that this clinic is 56 years old.
879960	881960	This clinic is not his, his.
881960	882960	No.
882960	883960	His.
883960	885960	No B G I N and fertility.
885960	891960	But so the, so the experience is 50 over 50 years of experience, but not the clinic itself.
891960	896960	Okay.
896960	901960	And then we can send you his CV so you could just add a link to that.
901960	903960	Okay.
903960	906960	And then I'll be tweak mine a little bit.
906960	907960	Yeah.
907960	910960	Give you your and carry my tweak hers.
910960	911960	Okay.
911960	915960	And then as far as your headshots, do you have ones that would fit.
915960	916960	Yeah.
916960	917960	Where are those?
917960	918960	Do we have?
918960	919960	I can send this to my.
919960	920960	Okay.
920960	921960	Yeah.
921960	922960	She'll send.
922960	923960	Yeah.
923960	924960	Here's with good.
924960	925960	Thank all of her good, Julie.
925960	926960	They're all above all three of you all three women.
926960	927960	We're good.
927960	928960	Headshots.
928960	929960	Yeah.
929960	933960	So, although mine's AI and my girls are like, it's so obviously AI, but nobody
933960	934960	art.
934960	935960	Yeah.
935960	936960	Yeah.
936960	937960	Yeah.
937960	938960	So.
938960	939960	Yeah.
939960	940960	Oh, yeah.
940960	941960	Yeah.
941960	942960	Yeah.
942960	943960	I was fine with it.
943960	944960	All right.
944960	945960	Start with the complementing consultation.
945960	946960	And this says 30 minutes.
946960	950960	So you need to put that makes 60 minutes on that one.
950960	951960	Is this.
951960	952960	Perfect.
952960	953960	Yeah.
953960	954960	Right there.
954960	957960	Yeah.
957960	960960	So all the consultations are 60 minutes.
960960	961960	Right.
961960	962960	Okay.
962960	963960	That's not every page.
963960	964960	So I need to change that.
964960	965960	All right.
965960	966960	That sounds good.
966960	967960	Okay.
967960	970960	And then services menu.
970960	972960	So we're going to change that to five pillars.
972960	973960	Do you like that?
973960	974960	The five pillars?
974960	975960	I think it looks cool.
975960	976960	It is cool.
976960	979960	And we need to add all of our peptides.
979960	980960	I think.
980960	981960	Yeah.
981960	982960	Yeah.
982960	983960	All the peptides exactly.
984960	986960	Can you send a list of all of the peptides?
986960	987960	Absolutely.
987960	991960	And maybe add some of the work and say that we all, we have more.
991960	995960	Because there's so many that the way of keeping up with all of them.
995960	998960	But we also have to make sure we're not marketing it.
998960	999960	We have to say it the right way.
999960	1001960	And I think you did say it the right way.
1001960	1004960	And about where it's not like you can't really advertise peptides
1004960	1006960	because some of them are not FDA approved.
1006960	1012960	So you have to prescribe.
1012960	1013960	Let's see.
1013960	1016960	I think I like how you can read all of them on one little.
1016960	1017960	I know.
1017960	1018960	I do too.
1018960	1020960	It's really well.
1020960	1023960	I had put on the peptide intro.
1023960	1026960	Peptide therapy works best when it's personal.
1026960	1029960	At vital health, every treatment is guided by your labs.
1029960	1030960	Oops.
1030960	1031960	And hang on.
1031960	1035960	I just went away.
1035960	1038960	Well.
1038960	1045960	So your labs and goals recommended only when you're full clinical picture supports it.
1045960	1048960	You'd like to be right here in the description.
1048960	1049960	Great.
1049960	1052960	I meant that the stimulate cellular regrow system is targeted.
1052960	1058960	I think that we have to do something like that
1058960	1061960	because we can't advertise that it stimulates cellular regrow.
1061960	1062960	You know what I mean?
1062960	1063960	Yeah.
1063960	1066960	That's just legally like a regulatory standpoint.
1066960	1069960	It's really supposed to say it does this.
1069960	1073960	You can say in these worlds, it's thought to do that, you know.
1073960	1074960	So.
1074960	1075960	Okay.
1075960	1076960	So it works.
1076960	1077960	Yeah.
1077960	1084960	Um.
1084960	1086960	Okay.
1086960	1088960	And then.
1088960	1092960	Are we going too fast or is it okay since you're bringing.
1092960	1093960	Okay.
1093960	1095960	On the hormones section.
1095960	1099960	Can you go there?
1099960	1100960	Yeah.
1100960	1104960	Under the, for instance, under the, under the women.
1104960	1108960	Is that as much as almost ninety percent,
1108960	1115960	a hundred percent are without testosterone at menopause.
1115960	1119960	And so it could vary fifty percent between the age of twenty and fifty,
1119960	1120960	but after menopause,
1120960	1124960	a hundred percent lack of testosterone.
1124960	1125960	Yeah.
1125960	1126960	Yeah.
1126960	1128960	We could put that in there.
1128960	1129960	Yeah.
1129960	1131960	I had said.
1131960	1132960	Let's see you.
1132960	1133960	Okay.
1133960	1134960	So on hormone optimization,
1134960	1136960	bioidentical hormone therapy for men and women,
1136960	1141960	the long view of hormone picture tested quarterly and adjusted at microdose precision.
1141960	1143960	I do like that.
1143960	1147960	Yeah.
1147960	1148960	Uh.
1148960	1149960	I Dr.
1149960	1151960	Fessie had kind of wanted some of the symptoms in there.
1151960	1155960	So not necessarily, I kind of like what you have there,
1155960	1159960	but somewhere maybe something hormones touch nearly everything.
1159960	1163960	If you're struggling with sleep, weight, energy, libido,
1163960	1167960	migraines, depression, hot flashes, night sweats or difficult periods,
1167960	1169960	your hormones are likely involved.
1169960	1170960	Yeah.
1170960	1173960	I think so much that you really added to for women and for men.
1173960	1174960	Yeah.
1174960	1175960	It's not going to be, you know,
1175960	1180960	probably involving basically fatigue, libido issues,
1180960	1183960	probably involving high cholesterol, high LDL.
1183960	1186960	I mean, like a list of other things for men too,
1186960	1188960	as far as symptoms are concerned.
1188960	1189960	Yeah.
1189960	1190960	Okay.
1190960	1191960	You have tried under what we treat.
1191960	1193960	She does have a lot of that under what we treat.
1193960	1195960	Um.
1195960	1198960	Well, what we treat is different than symptoms.
1198960	1199960	That's good.
1199960	1201960	Well, maybe not.
1201960	1203960	I guess it'd be okay.
1203960	1206960	It tells you like, you like this one.
1206960	1208960	Like how it says fatigue.
1208960	1209960	Yeah.
1209960	1211960	Like a emotional to you kind of.
1211960	1212960	Yeah.
1212960	1213960	Yeah.
1213960	1215960	So in about that sentence that I just said, I'll send you,
1215960	1219960	I'll send you my little PDF and I'll circle the things that we are
1219960	1220960	talking about that we like.
1220960	1221960	Okay.
1221960	1223960	Um.
1223960	1225960	And then, you know, there's also.
1225960	1226960	We're seeing that.
1226960	1227960	Let's do it.
1227960	1230960	I never seen it on a vaginal dryness.
1230960	1231960	It's very common.
1231960	1232960	Very, I don't know.
1232960	1233960	That's the symptom that I just have.
1233960	1237960	And then by identical therapy protects post menopausal women against
1237960	1242960	heart disease, dementia, urinary incontinence, college and loss and skin elasticity.
1242960	1246960	They may also experience fatigue, disrupted sleep, weight gain, metabolic
1246960	1250960	changes, vaginal dryness, painful intercourse, mood changes, anxiety, depression.
1250960	1253960	I mean, it's like a whole list speaks to me because.
1253960	1254960	Yeah.
1254960	1257960	Because it's like people that are like, oh, now I get it.
1257960	1258960	Yeah.
1258960	1260960	But you didn't know what it was.
1260960	1261960	Yeah.
1261960	1262960	Right.
1262960	1265960	So I'll give you that list and see if we can incorporate, just make it, you
1265960	1267960	have a lot of it on there, but maybe not all of it.
1267960	1270960	And we'll see if we can incorporate some of that.
1270960	1271960	Yeah.
1271960	1272960	And a third column or third.
1272960	1273960	Yeah.
1273960	1274960	Yeah.
1274960	1275960	So over here, maybe.
1275960	1276960	Okay.
1276960	1278960	Now since the very first ball of pace, 90 minutes for the first visit,
1278960	1280960	should we change the course 60 minutes?
1280960	1281960	Yes.
1281960	1282960	I have that noted.
1282960	1283960	Okay.
1283960	1284960	And then.
1284960	1289960	Also, one thing I thought might be important, hormonal imbalances don't
1289960	1293960	only affect older women, adolescents and young adults experience PMS,
1293960	1296960	thyroid issues, PCOS, which is now different.
1296960	1300960	Or infertility are also candidates for careful hormonal, hormonal
1300960	1301960	support.
1301960	1302960	Yeah.
1302960	1303960	Do you like that?
1303960	1304960	Dr.
1304960	1305960	Festy.
1305960	1306960	Okay.
1306960	1307960	I'll like that.
1307960	1308960	Yeah.
1308960	1309960	I can relate to them.
1309960	1310960	And then for men.
1310960	1315960	I thought somewhere we could put testosterone, DHEA, thyroid,
1315960	1317960	and cortisol are interdependent.
1317960	1320960	A shift in one reshapes the others.
1320960	1323960	Men's hormone, optimization at vital health begins with
1323960	1326960	comprehensive labs and targets lean muscle, libido, cognitive
1326960	1331960	function, cardiovascular protection, and long horizon vitality.
1331960	1332960	Yeah.
1332960	1333960	I like it better.
1333960	1336960	Because that one shifts the rest follows with a little bit different
1336960	1338960	to how long the way you, what you said it.
1338960	1339960	Yeah.
1339960	1340960	Okay.
1340960	1342960	And then I gave a list of everything that men with low testosterone
1342960	1343960	can experience.
1343960	1344960	Right.
1344960	1345960	Okay.
1345960	1349960	So Annabelle, this might be kind of what?
1349960	1351960	Even the men that.
1351960	1353960	Cause I don't have that.
1353960	1354960	That's good too.
1354960	1355960	Like that.
1355960	1356960	Okay.
1356960	1357960	Under the man.
1357960	1358960	Under man.
1358960	1360960	It's like fatigue and low energy, reduced libido and sexual
1360960	1364960	dysfunction, loss of lean muscle mass, increased body fat
1364960	1367960	particularly around the abdomen, brain fog and difficulty
1367960	1370960	training, mood changes, irritability and depression.
1370960	1373960	Of course, sleep in insomnia, decreased bone density,
1373960	1377960	hair thinning, reduced motivation and drive and cardiovascular
1377960	1379960	changes and decreased stamina.
1379960	1380960	Yeah.
1380960	1383960	I think I'll send this is a lot.
1383960	1386960	And I'm also I'll just send you this whole PDF and circle kind of
1386960	1387960	what we would love to incorporate.
1387960	1390960	If it doesn't make sense, I don't know how difficult it is to
1390960	1391960	add all this stuff to the website.
1391960	1394960	So you have to guide us to and what you can reasonably do
1394960	1395960	and what you can't.
1395960	1396960	Yeah.
1396960	1397960	This is all a very.
1397960	1398960	Attable.
1398960	1399960	Okay.
1399960	1400960	Yeah.
1400960	1401960	Okay.
1401960	1402960	Yeah.
1402960	1403960	This won't take very long.
1403960	1404960	Okay.
1404960	1405960	All right.
1405960	1406960	Good.
1406960	1409960	I had a testimonial section down here on the home page.
1409960	1412960	Is this something that you guys wanted to include or do you want me to
1412960	1413960	remove it?
1413960	1414960	I love that.
1414960	1415960	Yes.
1415960	1416960	Love it.
1416960	1417960	We have a lot of testimonials we can put in there.
1417960	1418960	Yeah.
1418960	1421960	We could put more in there if you want to because we have over
1421960	1423960	85 or 95 star reviews.
1423960	1424960	Awesome.
1424960	1428960	We can have it could be like a moving thing of all of the moving
1428960	1432960	slides are almost of all of the reviews if you'd like that.
1432960	1433960	Good luck.
1433960	1438960	People love to see five star reviews that they go by that a lot
1438960	1440960	and make a decision to come in.
1440960	1444960	So that's why I think we've nice to have all the five star
1444960	1445960	reviews.
1445960	1448960	Like you said, maybe it could be shown with this slide
1448960	1450960	through it or whatever it may take.
1450960	1452960	But well, it should do help a lot for people coming
1452960	1453960	into the clinic.
1453960	1454920	Awesome.
1454920	1455920	Let's add it.
1455920	1456920	That sounds great.
1456920	1459920	Can you add it where it every time somebody adds a new review
1459920	1461920	it automatically goes on the website.
1461920	1462920	For sure.
1462920	1463920	Okay.
1463920	1464920	Cool.
1464920	1465920	Yeah.
1465920	1466920	Cool.
1466920	1467920	That would be great.
1467920	1468920	Okay.
1468920	1469920	And then the shop.
1469920	1470920	Do we have that on there?
1470920	1471920	I know.
1471920	1472920	I'm just going to ask about that.
1472920	1473920	Okay.
1473920	1476920	We would love to add a supplement shop.
1476920	1477920	Yeah.
1477920	1482920	So we have to apply currently.
1482920	1483920	Sorry.
1483920	1484920	Yeah.
1484920	1485920	I can see.
1485920	1486920	Yeah.
1486920	1487920	Yeah.
1487920	1488920	So we do.
1488920	1490920	We do currently have the Shopify.
1490920	1491920	But I'm not sure.
1491920	1492920	We don't have a lot of supplements.
1492920	1494920	And we can't legally add a lot of our supplements.
1494920	1498920	So I'm not sure what we can do on that.
1498920	1499920	Why can't we legally add them?
1499920	1502920	They won't allow us to add them without private labeling them.
1502920	1504920	We're like a lot of our private labeling.
1504920	1505920	So we are.
1505920	1507920	We have five or six right now.
1507920	1508920	Oh, but we can't do the rest.
1508920	1509920	We can't.
1509920	1510920	We can.
1510920	1511920	We can.
1511920	1514920	Can we not just sell them non private label on our.
1514920	1516920	I mean, it like.
1516920	1517920	We can list a brand.
1517920	1518920	We can't list the supplements.
1518920	1519920	Transformation.
1519920	1520920	Like this is transformation.
1520920	1521920	Let's ask.
1521920	1522920	Orthomolecular does not.
1522920	1524920	Quicksilver does not.
1524920	1527920	We have to privately label all this.
1527920	1529920	So if you're private label.
1529920	1530920	So okay.
1530920	1531920	If you're private label.
1531920	1532920	General Jennifer.
1532920	1533920	It can get pricey.
1533920	1534920	But yeah, we can do that.
1534920	1536920	Well, I mean, to me, we should privately label all of
1536920	1537920	anywhere.
1537920	1538920	I think it'd be good idea.
1538920	1539920	When did I get it anywhere else?
1539920	1542920	You know, we could probably be able to one of them would be nice.
1542920	1547920	It's just nice and about because we do a lot of ours on telehealth.
1547920	1551920	And so when I'm talking to patients and I recommend, you know, vitamin D3 with K or,
1551920	1556920	you know, our methyl B vitamins, like it would be easy for me to say,
1556920	1558920	hey, just go to our shop.
1558920	1559920	I'll put it in.
1559920	1562920	But what's happening now is they're like, oh, I can't really
1562920	1563920	come into the office.
1563920	1564920	I'll just order on Amazon.
1564920	1565920	And we really don't want that.
1565920	1567920	You know, we want them to use what we're using.
1567920	1568920	Great.
1568920	1570920	So, okay.
1570920	1575920	So when you say that you want them to be able to add it to the cart,
1575920	1580920	that would have to come directly from what do you like when they
1580920	1581920	order it?
1581920	1583920	What do you recommend they order it from?
1583920	1586920	That's not Amazon.
1586920	1589920	Do you have an example?
1589920	1591920	Have it here in package it here.
1591920	1592920	And we have, we were going to get all that.
1592920	1594920	We have a big supply.
1594920	1598920	We have a huge supply room that we can package it and send it out if they
1598920	1599920	order it.
1599920	1601920	But I guess we could connect to Amazon and then I don't know.
1601920	1602920	Can you bet it?
1602920	1603920	I don't know.
1603920	1604920	Yeah.
1604920	1606920	We're not going to do Amazon it first.
1606920	1608920	We're just going to do Shopify.
1608920	1609920	We're going to use Shopify.
1609920	1612920	And we use our own substance and we order it through the company.
1612920	1614920	And then they order through us.
1614920	1617920	And then it's like your party seller pretty much.
1617920	1618920	Okay.
1618920	1619920	Okay.
1619920	1621920	So everything is on Shopify that people would want to buy.
1621920	1622920	Okay.
1622920	1624920	Then we could connect the Shopify.
1624920	1626920	Let me look into it.
1626920	1631920	But I think we could connect Shopify to Webflow.
1631920	1632920	And.
1632920	1634920	Okay.
1634920	1635920	Let me think about that.
1635920	1636920	But yes.
1636920	1637920	Yeah.
1637920	1638920	How we're doing it now.
1638920	1640920	There's another software involved in it.
1640920	1641920	Okay.
1641920	1642920	Okay.
1642920	1644920	I just can't think of because it's job.
1644920	1645920	Why?
1645920	1646920	The payment.
1646920	1647920	Okay.
1647920	1648920	Well, you guys work on that and then let her know.
1648920	1649920	I don't know anything about that part.
1649920	1650920	Yeah.
1650920	1652920	So I think it would be ideal if we could do it.
1652920	1653920	But I don't.
1653920	1654920	It's not.
1654920	1655920	Yeah.
1655920	1656920	I don't know how to make it happen.
1656920	1657920	Oh, closer.
1657920	1658920	Yeah.
1658920	1659920	That's it.
1659920	1660920	Okay.
1660920	1661920	Yeah.
1661920	1662920	We use Clover.
1662920	1663920	Clover.
1663920	1664920	Yeah.
1664920	1666920	That's who ships the products to the patients.
1666920	1667920	No, we do.
1667920	1668920	That's our.
1668920	1669920	Shopify.
1669920	1671920	Well, we we ship it.
1671920	1672920	Okay.
1672920	1673920	Just for.
1673920	1675920	Clover is the payment system.
1675920	1677920	Uh,
1677920	1678920	on the website.
1678920	1680920	Our website is on words.
1680920	1682920	It's a it's a whole thing.
1682920	1683920	Okay.
1683920	1684920	Okay.
1684920	1686920	If you found an easier way, please let us know.
1686920	1688920	That's just all we we've been told.
1688920	1689920	Okay.
1689920	1690920	Got it.
1690920	1691920	Yeah.
1691920	1692920	Let me look into that.
1692920	1693920	There's definitely an easier way.
1693920	1696920	I just need to do a little bit of research before I speak on it.
1696920	1697920	Yeah.
1697920	1698920	Perfect.
1698920	1699920	Um, but yeah.
1699920	1701920	I mean, I think do you guys have other.
1701920	1702920	I said so.
1702920	1705920	I mean, essentially we're going to change a little bit of the wording.
1705920	1707920	We're going to add a fifth parallel.
1707920	1713920	We're going to kind of create the symptoms for men and women that they might be going through.
1713920	1717920	We're going to add advanced diagnostics and early detection.
1717920	1719920	Pillar with DNA testing.
1719920	1721920	Gallery multi cancer early detection.
1721920	1722920	Glycan age.
1722920	1723920	Next gen.
1723920	1724920	Cognitive.
1724920	1725920	And more.
1725920	1729920	And then try to work on the shop.
1729920	1731920	But does anybody else have it?
1731920	1732920	Like does that?
1732920	1736920	Is there anything else that you when looking at the website that you were worried about or wanted to?
1736920	1739920	So are I go back to the first page.
1739920	1740920	If you could.
1740920	1742920	Very first page.
1742920	1744920	Where's my butterfly going to be?
1744920	1745920	It's a.
1745920	1746920	It's a.
1746920	1749920	I'm going to fly in there for one up there in the upper left hand side though.
1749920	1752920	But we don't make one that's alive.
1753920	1754920	That.
1754920	1756920	That flutters and you could.
1756920	1758920	We have one on our website is a.
1758920	1761920	It's a colored one on the very end of our website.
1761920	1762920	There are two of them.
1762920	1764920	There's a one the first part in the one the last part.
1764920	1770920	Little bitty little bitty one that you could be fluttering up there in the corner if you wanted to.
1770920	1771920	Alive.
1771920	1773920	I got one.
1773920	1774920	You've got one.
1774920	1777920	We could try to make it.
1777920	1781920	I actually saw a hummingbird outside the window today that you would love it.
1781920	1783920	I think it's like Dr.
1783920	1785920	Best of you would love looking at it right over there.
1785920	1786920	Stick up enough there.
1786920	1787920	Yeah.
1787920	1788920	Um.
1788920	1789920	You go to.
1789920	1790920	A lot of love.
1790920	1791920	Are we going to put our love on the website?
1791920	1792920	Yeah.
1792920	1793920	Oh.
1793920	1794920	It just needs to be bigger.
1794920	1798920	I think maybe the vital health and the hummingbird should be bigger.
1798920	1799920	So the.
1799920	1801920	I think exactly right.
1801920	1802920	Yeah.
1802920	1803920	So for older eyes.
1803920	1805920	You can't see like you guys can't.
1805920	1806920	I can do that.
1806920	1807920	That sounds good.
1807920	1808920	Yeah.
1808920	1809920	People forget that.
1809920	1812920	And we also need to take out since nineteen.
1812920	1813920	Yeah.
1813920	1814920	That's the same.
1814920	1815920	Okay.
1815920	1816920	Perfect.
1816920	1817920	Um.
1817920	1818920	Okay.
1818920	1823920	And then as far as the patient portal goes, is it okay that it connects to this for now or would.
1823920	1824920	Nice.
1824920	1825920	Yeah.
1825920	1826920	Perfect.
1826920	1827920	Okay.
1827920	1828920	Yeah.
1828920	1829920	We just have to figure out.
1829920	1830920	How are we doing it now?
1830920	1831920	It's in the order form.
1831920	1833920	We need to add the order form.
1833920	1834920	Yeah.
1834920	1836920	Patients can order their their stuff online.
1836920	1837920	Where do you think it should be?
1837920	1839920	It can probably be right next to the patient portal.
1839920	1841920	You can say like order form or.
1841920	1843920	So right next to patient portal.
1843920	1844920	Put order or.
1844920	1846920	Order order order form something.
1846920	1847920	Reorder form.
1847920	1848920	Order.
1848920	1849920	I don't know.
1849920	1850920	Something.
1850920	1851920	We can word it.
1851920	1852920	But yeah.
1852920	1853920	Um.
1853920	1854920	We have it on our current website.
1854920	1855920	Yeah.
1855920	1856920	How do we.
1856920	1857920	Yeah.
1857920	1859920	It does like hormone reorder form.
1859920	1863920	It's in the left corner.
1863920	1864920	When you click.
1864920	1865920	Yeah.
1865920	1866920	Hormone reorder.
1866920	1867920	Yeah.
1867920	1868920	Hormone reorder.
1868920	1869920	Yeah.
1869920	1870920	Okay.
1870920	1871920	Okay.
1871920	1872920	And that is.
1872920	1873920	Yeah.
1873920	1874920	And you can probably make it look a little better.
1874920	1875920	Yeah.
1875920	1876920	Sure.
1876920	1877920	Okay.
1877920	1878920	Cool.
1878920	1881920	And then this is the shop you're talking about.
1881920	1882920	Yes.
1882920	1883920	Yeah.
1883920	1884920	Yeah.
1884920	1885920	We only have about 25 or 30 submits on there.
1885920	1886920	All private label.
1886920	1887920	And I think that would be a good idea.
1887920	1888920	Jennifer.
1888920	1890920	How how expensive is it for private label?
1890920	1891920	It can get pretty pricey.
1891920	1894920	You have to order at least 40 at one time.
1894920	1896920	And then there's also a startup fee.
1896920	1898920	So I'll get all that information.
1898920	1899920	I'll send it to you.
1899920	1900920	Yeah.
1900920	1901920	I think probably private label would be good for it.
1901920	1902920	So sure.
1902920	1903920	Do you think so?
1903920	1904920	Yeah.
1904920	1905920	Yes.
1905920	1906920	Um.
1906920	1908920	Is patient is connecting it to servo with patient.
1908920	1909920	Is it patient.
1909920	1910920	Information.
1910920	1912920	We got to make sure that's a clean.
1912920	1913920	Oh, so the servo is.
1913920	1914920	It's a big appliance.
1914920	1915920	Yeah.
1915920	1916920	What about your board website?
1916920	1918920	She said to talk about direct EOS.
1918920	1919920	What would you say in the beginning?
1919920	1920920	I don't know.
1920920	1921920	It was what.
1921920	1922920	Thank you.
1922920	1923920	Gary was talking about that.
1923920	1924920	Yeah.
1924920	1925920	Yeah.
1925920	1926920	I don't know.
1926920	1927920	There's, you know,
1927920	1928920	there's something.
1928920	1929920	Yeah.
1929920	1930920	Yeah.
1930920	1931920	Oh, look at that.
1931920	1933920	Don't you think that would be for the actual log-in part?
1933920	1934920	Yeah.
1934920	1936920	So when they're in that log-in, they're safe.
1936920	1937920	Like, yeah.
1937920	1939920	That's why I haven't touched this.
1939920	1943920	So I think that that still is EOS compliant.
1943920	1944920	It's encrypted.
1944920	1945920	Yeah.
1945920	1946920	Yeah.
1946920	1948920	So I don't think I think that we're safe on all of those.
1948920	1950920	I just thought maybe we should look into it just to make sure.
1950920	1951920	So we'll look into that.
1951920	1952920	I'll look into it too.
1952920	1953920	Yeah.
1953920	1954920	That sounds good.
1954920	1955920	Okay.
1955920	1956920	And then if we can add those IV services.
1956920	1957920	Oh, yeah.
1957920	1958920	No, she has it to here.
1958920	1961920	Can you show her that IVs weren't they on there?
1961920	1962920	I thought they were.
1962920	1964920	There are other website.
1964920	1965920	I think.
1965920	1966920	I believe.
1966920	1967920	On your website.
1967920	1969920	I think they are.
1969920	1971920	No, those are on our website.
1971920	1972920	Yes.
1972920	1973920	But if we can add them to the new one.
1973920	1974920	Oh, this one.
1974920	1975920	IV therapy.
1975920	1976920	Yeah.
1976920	1977920	One.
1977920	1978920	Okay.
1978920	1979920	Ivy menu.
1979920	1980920	Yeah.
1980920	1986920	I think we need to advertise that we have ozone and the nutritional
1986920	1987920	IVs.
1987920	1988920	Yeah.
1988920	1989920	That wasn't so.
1989920	1990920	Yeah.
1990920	1994920	The IVs and ozone need to be their own like their own.
1994920	1995920	I mean,
1995920	1996920	Yeah.
1996920	1997920	Is there a category?
1997920	1998920	Yeah.
1998920	2002920	Cause ozone can also be rectal and vaginal.
2002920	2003920	Yeah.
2003920	2004920	Not just Ivy.
2004920	2005920	And exesomes.
2005920	2006920	And exesomes as well.
2006920	2007920	Yeah.
2007920	2008920	Regenerative medicine.
2008920	2010920	Would that be here?
2010920	2011920	Or would that need to be?
2011920	2013920	Does any of your own separate pillar?
2013920	2014920	Yeah.
2014920	2016920	So she does have it here.
2016920	2018920	It's just it's just not as prominent.
2018920	2020920	So we need to make that a little more prominent.
2020920	2021920	Like the.
2021920	2023920	The vital health.
2023920	2024920	I mean,
2024920	2026920	you extend see on X.
2026920	2027920	Yeah.
2027920	2028920	Yeah.
2028920	2030920	And also Julie,
2030920	2031920	when you do a little baby,
2031920	2036920	a little discussion about the value of ozone.
2036920	2037920	whether it's the protocols,
2037920	2038920	just the value.
2038920	2042920	Why we want the use for ozone is used for as well as Ivy.
2042920	2044920	Like Ivy drips would be used for.
2044920	2045920	Yeah.
2045920	2046920	We've poured it in the same way.
2046920	2047920	We do the peptide.
2047920	2048920	Since it, you know,
2048920	2050920	we've heard it like not saying that it's proven to do this,
2050920	2051920	but it's, you know,
2051920	2054920	so we'll work at the correct way.
2054920	2056920	Yeah.
2056920	2060920	Do you want the Ivy section to be like a sixth pillar?
2060920	2063920	Or do you just want me to emphasize it more in this section?
2063920	2065920	I think so.
2065920	2068920	Because we're trying to build that Ivy room.
2068920	2070920	But I kind of like it as well.
2070920	2072920	As soon as the rejuvenation on its own,
2072920	2074920	because then it kind of almost stands out more.
2074920	2076920	And then because there's so many Ivy's,
2076920	2078920	I feel like it wouldn't get lost.
2078920	2080920	I feel like six pillars are going to get lost.
2080920	2081920	But this,
2081920	2082920	when they scroll down,
2082920	2083920	it's going to have another hole, you know.
2083920	2084920	Yeah.
2084920	2085920	So would.
2085920	2087920	So as well as in rejuvenation part of the pillars.
2087920	2088920	Yes.
2088920	2089920	That's the fourth pillar.
2089920	2090920	Okay.
2090920	2091920	So that would.
2091920	2092920	So it is with it.
2092920	2093920	Yeah.
2093920	2094920	Yeah.
2094920	2095920	Okay.
2095920	2096920	Just.
2096920	2098920	I like to page that about right where you look at exosomes.
2098920	2099920	It says there that.
2099920	2100920	Going back in there.
2100920	2101920	They're approximately.
2101920	2102920	Nope.
2102920	2103920	No.
2103920	2104920	Go down if you would.
2104920	2105920	Go down.
2105920	2106920	There we go.
2106920	2107920	Some more.
2107920	2108920	Some more down.
2108920	2109920	There we go.
2109920	2110920	Down a little bit more.
2110920	2111920	Where it's an exosomeous plane.
2111920	2112920	It's actually.
2112920	2113920	7% by.
2113920	2114920	At birth up.
2114920	2116920	But by age 30,
2116920	2118920	it drops down 90%.
2118920	2119920	Ah, okay.
2119920	2122920	So 90% the exosome.
2122920	2123920	The stem cells.
2123920	2124920	I mean drop down 90%.
2124920	2127920	That's why we don't use stem cells after age 30.
2127920	2131920	But we can use exosomes to the to the die.
2131920	2132920	Okay.
2132920	2133920	The doctor.
2133920	2134920	Can we.
2134920	2135920	You can.
2135920	2137920	Is there like a study that we can go to when they say that?
2137920	2138920	Like where did you get that information?
2138920	2140920	Is there a study that proves that?
2140920	2141920	Like we need to be able to.
2141920	2145920	prove it to because it because from a regulatory standpoint, you know,
2145920	2148920	we have to save like from this study or whatever.
2148920	2149920	You know,
2149920	2150920	well,
2150920	2152920	I think that information came from a certain study.
2152920	2154920	I look it up because it's been our,
2154920	2159920	in my slides for almost five years about the fact that he's 30.
2159920	2161920	It drops down 90%.
2161920	2162920	The stem cells.
2162920	2163920	Not the exosomes.
2163920	2164920	Yeah.
2164920	2165920	Just look it out.
2165920	2168920	Get on there if we have a legitimate source for it.
2168920	2171920	Yeah.
2171920	2172920	Yeah.
2172920	2173920	Yeah.
2173920	2174920	And we can also put on there too.
2174920	2175920	It's a really interesting.
2175920	2176920	There's a,
2176920	2177920	as a,
2177920	2180920	maybe a icon that says,
2180920	2181920	if you want to know about exosomes,
2181920	2185920	here's a 45 page dissertation all about exosomes,
2185920	2186920	which I have,
2186920	2187920	I've used before.
2187920	2188920	We can,
2188920	2189920	we can actually,
2189920	2190920	if they want to,
2190920	2191920	to relate to that,
2191920	2195920	they can actually click on a detailed explanation of exosomes.
2195920	2196920	They want to.
2196920	2197920	We can do that.
2197920	2198920	Yeah.
2198920	2199920	That sounds good.
2199920	2200920	That sounds good.
2200920	2201920	Yeah.
2201920	2202920	The plasma as well.
2202920	2203920	Oh, yeah.
2203920	2204920	That's a big one.
2204920	2206920	Young plasma also is a big one.
2206920	2207920	Yeah.
2207920	2208920	Yeah.
2208920	2209920	Right.
2209920	2211920	You want that in this section as well?
2211920	2212920	Yes.
2212920	2213920	Okay.
2213920	2214920	What exosomes,
2214920	2215920	I guess.
2215920	2216920	Yeah.
2216920	2217920	Yeah.
2217920	2218920	Yeah.
2218920	2219920	Okay.
2219920	2220920	I think that's all I can think of.
2220920	2221920	Yeah.
2221920	2222920	We have the cognitive you do.
2222920	2223920	We have the carotid on there.
2223920	2226920	Did you have the carotid ultrasound on there?
2226920	2227920	Yeah.
2227920	2228920	That should be.
2228920	2229920	Um,
2229920	2230920	what else did we get?
2230920	2231920	We have,
2231920	2232920	we had that.
2232920	2233920	Beautiful.
2233920	2234920	That's the product.
2234920	2236920	That's the carotid ultrasound.
2236920	2237920	Yeah.
2237920	2239920	We're talking about the answer.
2239920	2240920	HRV.
2240920	2243920	HRV that we need that on there.
2243920	2244920	Oh, yeah.
2244920	2245920	Body con.
2245920	2246920	And body con.
2246920	2247920	And where would that be?
2247920	2249920	That would probably be part of the report.
2249920	2250920	Well,
2250920	2251920	we put that as part of our hormone program.
2251920	2254920	So maybe as part of the testing.
2254920	2255920	Maybe part of advanced testing.
2255920	2256920	Yeah.
2256920	2257920	Yeah.
2257920	2258920	Yeah.
2258920	2259920	And it's testing.
2259920	2260920	Yeah.
2260920	2261920	That's the best place to put it.
2261920	2262920	Yeah.
2262920	2263920	Yeah.
2263920	2264920	Let me,
2264920	2266920	where would that be on your, um,
2266920	2267920	website?
2267920	2269920	Not on our current website.
2269920	2270920	Okay.
2270920	2271920	Yeah.
2271920	2272920	Yeah.
2272920	2275920	When you send me those notes, will you just include like what,
2275920	2277920	um, the description that you'd like for that part?
2277920	2278920	Yes.
2278920	2279920	Okay.
2279920	2280920	Great.
2280920	2281920	Thank you.
2281920	2284920	And do you want that in the wellness and rejuvenation section as well?
2284920	2285920	Or?
2285920	2286920	Yeah.
2286920	2287920	That would be part of the best testing.
2287920	2288920	Advanced.
2288920	2289920	Yeah.
2289920	2290920	Yeah.
2290920	2291920	Combat view.
2291920	2292920	HRV in body.
2292920	2293920	That's advanced.
2293920	2294920	Yeah.
2294920	2295920	Great.
2295920	2296920	Yeah.
2296920	2297920	Yeah.
2297920	2298920	Okay.
2298920	2300920	So do you want that in like a separate tab up here?
2300920	2301920	Um,
2301920	2302920	um,
2302920	2303920	um,
2303920	2305920	doesn't it already have its own filler?
2305920	2306920	Don't we have the filler?
2306920	2310920	The pillars are peptide, hormone, weight loss, wellness and rejuvenation.
2310920	2311920	And,
2311920	2312920	again,
2312920	2313920	Okay.
2313920	2314920	Yeah.
2314920	2315920	Okay.
2315920	2316920	Yeah.
2316920	2317920	Okay.
2317920	2318920	So that will be added there.
2318920	2319920	Okay.
2319920	2320920	Last thing.
2320920	2321920	Yeah.
2321920	2322920	Again.
2322920	2323920	And she has it on there.
2323920	2324920	She also has next gym.
2324920	2325920	Yeah.
2325920	2326920	She has all that.
2326920	2327920	But I mean,
2327920	2328920	I can't make sure.
2328920	2330920	I have this little thing.
2330920	2331920	Nutritional injections.
2331920	2332920	I don't know if we have that.
2332920	2333920	We've got health.
2333920	2334920	Heavy metal testing.
2334920	2335920	Oh, yeah.
2335920	2336920	Heavy metal testing.
2336920	2337920	Um,
2337920	2338920	uh,
2338920	2339920	uh,
2339920	2340920	a box,
2340920	2341920	PRP.
2341920	2343920	Um,
2343920	2344920	but that's not,
2344920	2345920	uh,
2345920	2346920	Botox and PRP aren't there during test.
2346920	2348920	So heavy metal testing and,
2348920	2349920	um,
2349920	2350920	um,
2350920	2351920	I map.
2351920	2353920	The I'm a G.
2353920	2354920	I map.
2354920	2355920	Yeah.
2355920	2356920	Yeah.
2356920	2357920	Yeah.
2357920	2358920	And
2358920	2359920	the,
2359920	2360920	and the gene test.
2360920	2361920	The gene test.
2361920	2362920	The gene test.
2362920	2363920	We do a 60 gene test.
2363920	2365920	We do the gallery test.
2365920	2366920	We do the next gene test.
2366920	2369920	And then we're going to offer a full body MRI,
2369920	2371920	if we want to as far as
2371920	2372920	further investigation,
2372920	2373920	dissipating point.
2373920	2375920	How much you want to put on here?
2375920	2376920	Yeah.
2376920	2377920	Okay.
2377920	2378920	I'll send,
2378920	2379920	I'll send you all of these notes,
2379920	2381920	kind of with these additions that are,
2381920	2382920	like,
2382920	2383920	kind of.
2383920	2384920	A lot.
2384920	2385920	Yeah.
2385920	2386920	A lot of them.
2386920	2387920	That's right.
2387920	2388920	Offer a lot.
2388920	2389920	Yeah.
2389920	2390920	Like those we don't,
2390920	2391920	you know,
2391920	2392920	it's not like we do them all the time,
2392920	2393920	but we have the capability.
2393920	2394920	And we'd like to,
2394920	2395920	you know,
2395920	2396920	for sure.
2396920	2397920	That makes sense.
2397920	2398920	Okay.
2398920	2399920	Yeah.
2399920	2400920	That sounds great.
2400920	2402920	I have the basic notes and then everything else.
2402920	2404920	What I would love it if you could send it over.
2404920	2408920	And then I can add it and then send it back to you.
2408920	2409920	Okay.
2409920	2410920	All right.
2410920	2411920	Yeah.
2411920	2413920	And then as far as Instagram goes,
2413920	2415920	do you want to have that in a separate meeting?
2415920	2417920	Do you want to talk about that in a separate meeting?
2417920	2420920	Or what are your thoughts on that?
2420920	2422920	And
2422920	2425920	I think I like both.
2425920	2426920	No.
2426920	2428920	My next patient is in 30 minutes.
2428920	2429920	So I have time.
2429920	2430920	If you have time,
2430920	2431920	Annabelle,
2431920	2432920	we would love to talk about it.
2432920	2433920	Okay.
2433920	2434920	Yeah.
2434920	2435920	Right.
2435920	2436920	And I have my,
2436920	2438920	I'm going to go get Addie because she,
2438920	2441920	my little 14 year old daughter is so interested in this too.
2441920	2443920	And I showed her everything that you've had.
2443920	2444920	And she was like, oh, that's so cool.
2444920	2445920	So I want her to listen.
2445920	2446920	But you guys start talking.
2446920	2447920	And I'll.
2447920	2448920	So Jennifer,
2448920	2449920	do you want to,
2449920	2450920	do you want to get over there with Jennifer?
2450920	2451920	You want to get over there with Jennifer?
2451920	2454920	Are you all going to hear me sit there?
2454920	2455920	Um,
2455920	2456920	awesome.
2456920	2458920	Let me just pull up.
2466920	2467920	Um,
2467920	2468920	okay.
2468920	2469920	Perfect.
2469920	2474920	So I kind of just want to get a little bit of an understanding of what your,
2474920	2478920	what everybody's goals are with the Instagram.
2478920	2484920	I think we can kind of go in a variety of different directions with social media.
2484920	2490920	So I just kind of want to get another standing of your thoughts and desires.
2490920	2493920	So I sent Julie,
2493920	2495920	I'll share my spring again,
2495920	2497920	just a second.
2497920	2500920	Um,
2500920	2501920	this,
2501920	2503920	and as far as like wording and everything,
2503920	2504920	like that goes don't,
2504920	2505920	you don't need to look at that.
2505920	2506920	But,
2506920	2507920	um,
2507920	2508920	that obviously be changed.
2508920	2509920	Um,
2509920	2511920	but this is kind of what,
2511920	2513920	like the general,
2513920	2519920	I guess vibe would be of the first Instagram post that I just curated pretty quickly.
2519920	2520920	Um,
2520920	2522920	just to kind of see what your guys' thoughts were.
2522920	2523920	Um,
2523920	2525920	this one is like a six,
2525920	2526920	um,
2526920	2527920	it's called the carousel.
2527920	2529920	This is a six carousel,
2529920	2531920	like grouping of images,
2531920	2532920	you know,
2532920	2533920	when you scroll through.
2533920	2534920	Um,
2534920	2535920	and this would be like the introduction post,
2535920	2536920	or like,
2536920	2538920	I have noticed that you don't have any Instagram posts right now.
2538920	2540920	So I think that this would be giving,
2540920	2541920	um,
2541920	2544920	a little bit more of an introduction as to what vital help does.
2544920	2545920	Um,
2545920	2548920	and I think that would be a good first place to begin.
2548920	2549920	Um,
2549920	2551920	and then I think the Instagram,
2551920	2554920	it could be helpful just to have it as like a place where people can come
2554920	2557920	and kind of understand all of the services you all provide.
2557920	2561920	So I was kind of thinking that we could go more of that angle.
2561920	2562920	Um,
2562920	2565920	and then I also wanted to hear your guys' thoughts and feedback as well.
2565920	2566920	Well,
2566920	2567920	Annabelle,
2567920	2570920	I have done about four,
2570920	2571920	uh,
2571920	2572920	podcasts,
2572920	2576920	and then I have put them on Instagram and TikTok.
2576920	2577920	Awesome.
2577920	2578920	Now,
2578920	2580920	what I want to do is every Monday,
2580920	2583920	I want to publish a,
2583920	2587920	a podcast on all the different subjects I can think of.
2587920	2590920	So that would be go on for months.
2590920	2592920	Now, when I tried to publish them,
2592920	2597920	then turn out too good as far as now to put them on Instagram and TikTok.
2597920	2599920	I could put them on Instagram,
2599920	2602920	but I didn't know how to put them on TikTok as well.
2602920	2603920	Okay.
2603920	2605920	But I do think that every Monday morning,
2605920	2607920	I would create a podcast.
2607920	2611920	And the podcast would then be published for that day.
2611920	2613920	So for a while there,
2613920	2617920	everybody was looking for the next podcast until I stopped.
2617920	2620920	So people got to the point they were looking for the next one.
2620920	2622920	So I can keep that up on a regular basis.
2622920	2624920	See.
2624920	2626920	The second thing I want to do is a live,
2626920	2628920	I will live webinar.
2628920	2630920	Or so that I would,
2630920	2633920	for instance, I would have Julie in there
2633920	2634920	and we would talk about different things.
2634920	2637920	Or I have invited guests to come in.
2637920	2638920	But Dr. Hesse,
2638920	2640920	do you want those on,
2640920	2641920	um,
2641920	2642920	I mean,
2642920	2645920	I think that we should start the Instagram kind of with the posts,
2645920	2647920	like just regular posts,
2647920	2649920	and then your web,
2649920	2650920	like you're,
2650920	2651920	you're,
2651920	2652920	you know,
2652920	2654920	after a couple of the main ones,
2654920	2655920	I mean,
2655920	2656920	a couple of the first ones,
2656920	2657920	like one, two, three,
2657920	2659920	and then a live one from you.
2659920	2660920	And then, you know,
2660920	2662920	every Monday we can start doing it.
2662920	2663920	But I,
2663920	2664920	um,
2664920	2667920	I think that when we need to start our Instagram,
2667920	2669920	I think it needs to have like some of our,
2669920	2671920	like exactly what we do.
2671920	2672920	Oh, yeah.
2672920	2673920	Absolutely.
2673920	2674920	Absolutely.
2674920	2675920	Yeah.
2675920	2676920	So,
2676920	2677920	you know,
2677920	2678920	you know,
2678920	2679920	you know,
2679920	2680920	you know,
2680920	2681920	you know,
2681920	2682920	you know,
2682920	2683920	you know,
2683920	2684920	you know,
2684920	2685920	you know,
2685920	2686920	you know,
2686920	2687920	you know,
2687920	2689920	you're specific ones are super interesting.
2689920	2690920	And I love those.
2690920	2691920	And I think those would be great.
2691920	2692920	A little bit further down the line,
2692920	2693920	just in a few weeks.
2693920	2694920	But right.
2694920	2695920	For the first ones,
2695920	2697920	I think just a big picture of what we do is better.
2697920	2698920	Yeah.
2698920	2699920	A good idea.
2699920	2700920	Start with exactly.
2700920	2701920	Yeah.
2701920	2702920	Okay.
2702920	2703920	That sounds good.
2703920	2704920	Great.
2704920	2705920	Um,
2705920	2706920	so I think the first one,
2706920	2709920	this was kind of meant to be like one post and that people would slide through.
2709920	2710920	It's called a carousel.
2710920	2711920	Um,
2711920	2714920	and so I was thinking that for the first post,
2714920	2716920	you would have like a little bit of an introduction.
2716920	2717920	What vital help does.
2717920	2718920	Just kind of the idea,
2718920	2720920	the general gist of,
2720920	2721920	um,
2721920	2723920	the idea and the values behind,
2723920	2724920	um,
2724920	2725920	vital health.
2725920	2730920	And then the next couple would maybe be about the different services that you all offer.
2730920	2731920	Um,
2731920	2734920	and just so that when people search you on Instagram,
2734920	2738920	they're able to get a general feel for what your business is about.
2738920	2739920	Um,
2739920	2740920	and what services you can offer them.
2740920	2745920	And then maybe after we describe all of the services you all offer,
2745920	2749920	then you could begin your, um,
2749920	2753920	Monday posts or throughout posting all of the services that you all offer.
2753920	2756920	We could include the Monday posts or the pod,
2756920	2757920	castor the webinars,
2757920	2758920	things like that.
2758920	2759920	Um,
2759920	2760920	does that sound okay?
2760920	2761920	Sure does.
2761920	2762920	Absolutely.
2762920	2763920	Okay.
2763920	2768920	And do you all know how frequently you would want to be posting on Instagram ideally?
2768920	2769920	Uh,
2769920	2770920	every day.
2770920	2771920	I'll just kidding.
2771920	2773920	As much as possible.
2773920	2774920	Okay.
2774920	2776920	Okay.
2776920	2777920	Um,
2777920	2778920	I think the most,
2778920	2779920	the more we do,
2779920	2780920	the better I would think anyway,
2780920	2781920	to me.
2781920	2782920	Okay.
2782920	2783920	We only have like two other patients on there.
2783920	2784920	Not even patients.
2784920	2785920	We're just writing people.
2785920	2786920	Totally.
2786920	2787920	But, um,
2787920	2788920	one thing I think,
2788920	2789920	you know,
2789920	2790920	I,
2790920	2792920	I am about asked if we had pictures that we wanted to use.
2792920	2793920	And I said,
2793920	2794920	not at this point,
2794920	2796920	but I know that we've talked about,
2796920	2798920	I love the ones that you pay,
2798920	2800920	because they're the least stocky looking,
2800920	2801920	but they still are,
2801920	2802920	they're still,
2802920	2803920	you know,
2803920	2804920	they're not,
2804920	2806920	are clinic obviously.
2806920	2807920	So,
2807920	2808920	I don't know if you guys,
2808920	2810920	if we want to get a photographer
2810920	2813920	and kind of take pictures of people in our clinic,
2813920	2816920	and then have her use those before she starts,
2816920	2817920	you know,
2817920	2819920	to kind of welcome everybody to the new office.
2819920	2821920	This is our office and have more of our stuff in there.
2821920	2822920	I don't know.
2822920	2823920	You don't think an idea.
2823920	2824920	Um,
2824920	2826920	or do you want to just start with like this?
2826920	2827920	These are great.
2827920	2828920	They're beautiful.
2828920	2829920	They are beautiful.
2829920	2830920	Also,
2830920	2833920	I think a thing on social media right now is,
2833920	2834920	I'm not sure how you guys feel,
2834920	2836920	but it's not like the,
2836920	2838920	you don't need to have a photographer come and take pictures
2838920	2839920	if you didn't want to.
2839920	2840920	Like,
2840920	2842920	it would also be cool if you just took like a video
2842920	2845920	and just did like a little introduction of like what the office
2845920	2846920	looked like,
2846920	2848920	or just take a couple of pictures of your own phone.
2848920	2850920	I don't want you to feel pressured to like get a photographer
2850920	2853920	because I think people will still love to just see what it's like
2853920	2854920	from your perspective.
2854920	2855920	Um,
2855920	2856920	just like,
2856920	2857920	this is when you walk into the office.
2857920	2859920	Just random videos showing off the new space in general.
2859920	2861920	I think could also be very valuable.
2861920	2862920	Okay.
2862920	2863920	Cool.
2863920	2864920	Yeah.
2864920	2865920	So,
2865920	2867920	we can make some of those and send them to you.
2867920	2868920	That sounds great.
2868920	2869920	Did you get to play with?
2869920	2870920	Yeah.
2872920	2873920	That sounds awesome.
2873920	2875920	And then as far so everyday posting,
2875920	2876920	um,
2876920	2877920	am I,
2877920	2878920	do you want me to,
2878920	2882920	send those to somebody and then they post them,
2882920	2883920	um,
2883920	2885920	themselves and maybe,
2885920	2886920	how would I just,
2886920	2889920	I think you want to do a week or once a week?
2889920	2890920	I don't,
2890920	2891920	I don't think every,
2891920	2893920	I think that like,
2893920	2894920	at least twice a week.
2894920	2895920	Yeah.
2895920	2896920	Okay.
2896920	2897920	Two to three times a week.
2897920	2898920	Three times a week is ideal.
2898920	2899920	And then they would send them,
2899920	2901920	she would send them to Jennifer.
2901920	2902920	Right.
2902920	2903920	Right.
2903920	2904920	Are you going to be in charge of it or?
2904920	2905920	Yeah.
2905920	2906920	Or Scott.
2906920	2907920	Yeah.
2907920	2909920	And we'll figure that out.
2909920	2910920	We'll figure it out.
2910920	2911920	Yeah.
2911920	2914920	So how about I just generate a couple like this.
2914920	2915920	Um,
2915920	2918920	and I can send them to you all and you can post them.
2918920	2920920	And if it works and we can continue doing it.
2920920	2921920	And then at some point,
2921920	2922920	um,
2922920	2925920	we can find a way to automate them and so that they can be created for you.
2925920	2928920	And we can just kind of work through the process and see how it goes.
2928920	2931920	I'll work on generating a few more care cells like this and see how,
2931920	2932920	how that process works.
2932920	2933920	Does that sound okay?
2933920	2934920	Yeah.
2934920	2935920	That's perfect.
2935920	2936920	Okay.
2936920	2937920	Perfect.
2937920	2938920	Okay.
2938920	2944920	And do you have examples of other websites that you've worked on?
2944920	2945920	Yeah.
2945920	2946920	I can send you,
2946920	2947920	um,
2947920	2948920	I can send you a couple.
2948920	2951920	I have been working for a life coach and then,
2951920	2952920	um,
2952920	2953920	uh,
2953920	2956920	private aviation company and then as well as like a run club company as well.
2956920	2958920	I can send you a few of their websites.
2958920	2959920	Um,
2959920	2960920	if that'd be helpful.
2960920	2961920	Thank you.
2961920	2962920	Of course.
2962920	2967920	I haven't reconstructed a website completely like I reconstructed your yours.
2967920	2968920	Um,
2968920	2969920	so I,
2969920	2970920	but I have,
2970920	2971920	um,
2971920	2975920	like gone through and changed websites based off of what the clients want.
2975920	2976920	Um,
2976920	2979920	so it's not like a full rebrand and it's not as drastic of a change,
2979920	2981920	but I can definitely show you some things that have been working on.
2981920	2982920	I appreciate it.
2982920	2983920	Thank you.
2983920	2984920	This is also cool that you're doing this.
2984920	2985920	We love it.
2985920	2986920	You don't like it.
2986920	2987920	You're doing it in a while.
2987920	2988920	Like I told them you just doing it and you're just,
2988920	2990920	like it's kind of amazing what you're doing.
2990920	2991920	So thank you.
2991920	2992920	Thank you.
2992920	2993920	Well,
2993920	2994920	I'm very grateful for you all.
2994920	2995920	It's a really,
2995920	2997920	it's a great learning opportunity for me as well.
2997920	2998920	So I'm grateful that you're,
2998920	3000920	that you're trusting me and I'm so excited to be working with you all.
3000920	3002920	Thank you.
3002920	3003920	Um,
3003920	3004920	I'm a whole well.
3004920	3005920	Next steps.
3005920	3007920	I guess we need to send you the PDF.
3007920	3008920	Um,
3008920	3009920	and we will,
3009920	3012920	and we'll just kind of get together and write down everything that we sort of
3012920	3016160	everything that we sort of remember that we talked about and you have it recorded, so
3016160	3019800	if we forget something, you'll have it on there. And then, yeah, and then send us a couple
3019800	3025320	of those Instagram posts and we'll go from there. That sounds great. That sounds awesome.
3025320	3029720	Well, perfect. And then if there's anything else you all think about, feel free to just
3029720	3036240	let me know and we'll be in touch. Okay. All right. That sounds great. Thank you guys.
3036240	3039240	Have a great rest of your day. All right, you too. Bye. Bye.
